fit_points,fit_delta_max_nm,fit_force_max_nN,low_stiffness_N_m,low_stiffness_r2,high_stiffness_N_m,high_stiffness_r2,stiffening_ratio,power_law_A,power_law_n,power_law_r2,membrane_k1_N_m,membrane_k3_nN_per_nm3,membrane_r2,curve_id,date,file,group,sample,linker,surfactant,displacement_nm,setpoint,raw_max_indentation_nm,raw_max_force_nN,n_slip_events,n_terminal_cliffs,rupture_idx,max_cumulative_offset_nN,model_scope,probe_model,probe_radius_nm,registry_film_thickness_nm,pore_diameter_um,pore_radius_um,thickness_assumed_nm,thickness_sensitivity_max_nm,poisson_ratio,q_factor,k3_SI_N_per_m3,valid_model,E_app_MPa,E_app_50nm_MPa,E_app_80nm_MPa,T_app_N_m,sigma_app_MPa,legacy_log_corrected_E_MPa,qc_warnings
98,191.4030103299471,16.98393980172102,0.052266487311673,0.7076591428070029,0.0514114663809809,0.718257839456323,0.9836411250368996,0.2340642378065389,0.7968859983942707,0.8903259846470235,0.0975516948092294,-1.9818502486522013e-07,0.9652479421560172,20260415::linker1-paa--100nN-500nm.spm - NanoScope Analysis.txt,20260415,linker1-paa--100nN-500nm.spm - NanoScope Analysis.txt,linker1-paa,linker1,linker1,paa,500.0,,191.4030103299471,16.98393980172102,0,0,,0.0,apparent/comparative; DDESP-V2 k80 uses blunt-tip geometry,RTESPA-150,8.0,50.0,20.0,10.0,50.0,80.0,0.3,1.0094891984655763,-198185024865.22012,False,,,,,,,negative_or_zero_k3
224,914.0418293684146,124.60442109774488,0.0108149161880965,0.7037163899297084,0.2254506214369728,0.9953251199124248,20.846266167565386,5.3106694482286514e-05,2.089198219081569,0.8441938990685316,0.0128091192740997,1.6278651846130188e-07,0.9779978093157622,20260415::linker2-paa-.1000nm.spm - NanoScope Analysis.txt,20260415,linker2-paa-.1000nm.spm - NanoScope Analysis.txt,linker2-paa,linker2,linker2,paa,1000.0,,914.0418293684146,124.60442109774488,0,0,,0.0,apparent/comparative; DDESP-V2 k80 uses blunt-tip geometry,RTESPA-150,8.0,50.0,20.0,10.0,50.0,80.0,0.3,1.0094891984655763,162786518461.30188,True,316.47790976625856,316.47790976625856,197.7986936039116,0.014537297434858744,0.29074594869717485,517.2980875990411,
187,738.2649393383833,93.52463131688626,0.0239567506893344,0.8878901030957911,0.2595737429425018,0.9982298769124828,10.835098061026468,0.0028577245421386,1.474465558888021,0.8504968711085705,0.0036885431231114,2.4226026767563553e-07,0.9918351020686772,20260415::linker2-paa-1000nm-2.spm - NanoScope Analysis.txt,20260415,linker2-paa-1000nm-2.spm - NanoScope Analysis.txt,linker2-paa,linker2,linker2,paa,1000.0,,738.2649393383833,93.52463131688626,0,0,,0.0,apparent/comparative; DDESP-V2 k80 uses blunt-tip geometry,RTESPA-150,8.0,50.0,20.0,10.0,50.0,80.0,0.3,1.0094891984655763,242260267675.63553,True,470.9850905228719,470.9850905228719,294.36568157679494,0.0041861932373755675,0.08372386474751134,769.8473703744064,
206,410.1436239421748,78.16240477655394,0.1176875072078576,0.9664624907729548,0.2577566625064017,0.9937692967093364,2.190178623217469,0.0113378977378045,1.4589803196500304,0.9806757970232016,0.1094264508376537,5.101928633783173e-07,0.99427968499707,20260415::linker2-paa-.500nm.spm - NanoScope Analysis.txt,20260415,linker2-paa-.500nm.spm - NanoScope Analysis.txt,linker2-paa,linker2,linker2,paa,500.0,,410.1436239421748,78.16240477655394,0,0,,0.0,apparent/comparative; DDESP-V2 k80 uses blunt-tip geometry,RTESPA-150,8.0,50.0,20.0,10.0,50.0,80.0,0.3,1.0094891984655763,510192863378.31726,True,991.8804855944878,991.8804855944878,619.925303496555,0.12419002657618142,2.4838005315236282,1621.2754902981887,
187,371.08145911983104,75.88616118239031,0.1453304530146085,0.9476740776982708,0.2507769425215828,0.9952046876149602,1.7255636194595418,0.0228644965199653,1.364847921676092,0.9857176805150344,0.1374679308924579,5.303212365956295e-07,0.9922169739438892,20260415::linker2-paa-.300nm-2.spm - NanoScope Analysis.txt,20260415,linker2-paa-.300nm-2.spm - NanoScope Analysis.txt,linker2-paa,linker2,linker2,paa,300.0,,371.08145911983104,75.88616118239031,0,0,,0.0,apparent/comparative; DDESP-V2 k80 uses blunt-tip geometry,RTESPA-150,8.0,50.0,20.0,10.0,50.0,80.0,0.3,1.0094891984655763,530321236595.6295,True,1031.0126296013914,1031.0126296013914,644.3828935008696,0.1560148013594578,3.120296027189156,1685.2388274972125,
179,219.13667134250892,27.57060243758919,0.0814988956852691,0.9339904487678256,0.1753333662338281,0.9871723507117952,2.151358797681469,0.0084782883795348,1.4941395695425748,0.9675598440498911,0.0709745096324231,1.2306316864863825e-06,0.9933756861965304,20260415::linker2-paa-.300nm-4spm - NanoScope Analysis.txt,20260415,linker2-paa-.300nm-4spm - NanoScope Analysis.txt,linker2-paa,linker2,linker2,paa,300.0,,219.13667134250892,27.57060243758919,0,0,,0.0,apparent/comparative; DDESP-V2 k80 uses blunt-tip geometry,RTESPA-150,8.0,50.0,20.0,10.0,50.0,80.0,0.3,1.0094891984655763,1230631686486.3826,True,2392.5061332638634,2392.5061332638634,1495.316333289915,0.08055023415279274,1.6110046830558546,3910.6642489532915,
189,227.3401474384368,25.2179309423325,0.0860480377924181,0.9148698536354228,0.1215809248954949,0.970316069411447,1.412942444879408,0.0086171295434328,1.4762930300803547,0.9238253823787148,0.0776048465497855,6.682370231656695e-07,0.9878252496307944,20260415::linker2-paa-.300nm-7.spm - NanoScope Analysis.txt,20260415,linker2-paa-.300nm-7.spm - NanoScope Analysis.txt,linker2-paa,linker2,linker2,paa,300.0,,227.3401474384368,25.2179309423325,0,0,,0.0,apparent/comparative; DDESP-V2 k80 uses blunt-tip geometry,RTESPA-150,8.0,50.0,20.0,10.0,50.0,80.0,0.3,1.0094891984655763,668237023165.6696,True,1299.1386407110376,1299.1386407110376,811.9616504443986,0.08807512152392671,1.7615024304785343,2123.50345356549,
189,235.5433370428023,24.870700383862975,0.0858768046801932,0.9290175251754276,0.1370249138085698,0.9746666001761368,1.5955986522653351,0.0034799158385593,1.6489074403831627,0.9464080572985007,0.070625600183586,7.411415596740371e-07,0.9865376244252548,20260415::linker2-paa-.300nm-6.spm - NanoScope Analysis.txt,20260415,linker2-paa-.300nm-6.spm - NanoScope Analysis.txt,linker2-paa,linker2,linker2,paa,300.0,,235.5433370428023,24.870700383862975,0,0,,0.0,apparent/comparative; DDESP-V2 k80 uses blunt-tip geometry,RTESPA-150,8.0,50.0,20.0,10.0,50.0,80.0,0.3,1.0094891984655763,741141559674.0371,True,1440.874427831093,1440.874427831093,900.5465173944333,0.08015425060958117,1.6030850121916231,2355.1772903767264,
177,217.96529694011605,24.337187692530097,0.0442961970467534,0.8443114706753254,0.1825436158667453,0.9838685223260272,4.120977150116869,0.001863012333405,1.7230984387749102,0.8338985125239899,0.0396011905376924,1.6027335796685437e-06,0.9911659874593302,20260415::linker2-paa-.300nm-3.spm - NanoScope Analysis.txt,20260415,linker2-paa-.300nm-3.spm - NanoScope Analysis.txt,linker2-paa,linker2,linker2,paa,300.0,,217.96529694011605,24.337187692530097,0,0,,0.0,apparent/comparative; DDESP-V2 k80 uses blunt-tip geometry,RTESPA-150,8.0,50.0,20.0,10.0,50.0,80.0,0.3,1.0094891984655763,1602733579668.5437,True,3115.9200282686443,3115.9200282686443,1947.450017667903,0.0449440959445989,0.898881918891978,5093.118419940881,
191,242.57499249138172,22.677418590084,0.0458936058774619,0.8892387524412056,0.1567201325297789,0.9754101007563788,3.414857680789545,0.0010298742599595,1.8016643284165936,0.90585379708164,0.0318829154919782,1.0164831696032052e-06,0.9936251576883008,20260415::linker2-paa-.300nm-10.spm - NanoScope Analysis.txt,20260415,linker2-paa-.300nm-10.spm - NanoScope Analysis.txt,linker2-paa,linker2,linker2,paa,300.0,,242.57499249138172,22.677418590084,0,0,,0.0,apparent/comparative; DDESP-V2 k80 uses blunt-tip geometry,RTESPA-150,8.0,50.0,20.0,10.0,50.0,80.0,0.3,1.0094891984655763,1016483169603.2052,True,1976.1738986086727,1976.1738986086727,1235.1086866304206,0.03618448822898713,0.7236897645797425,3230.1495522023242,
189,237.88748317754064,22.367512104824954,0.0614515344029507,0.8977673776198898,0.121564492298052,0.9506199483427576,1.9782173623351336,0.0037500473348236,1.5830736342663727,0.9180117241770606,0.0545081590890675,6.394165128208831e-07,0.9862646912740528,20260415::linker2-paa-.300nm-9.spm - NanoScope Analysis.txt,20260415,linker2-paa-.300nm-9.spm - NanoScope Analysis.txt,linker2-paa,linker2,linker2,paa,300.0,,237.88748317754064,22.367512104824954,0,0,,0.0,apparent/comparative; DDESP-V2 k80 uses blunt-tip geometry,RTESPA-150,8.0,50.0,20.0,10.0,50.0,80.0,0.3,1.0094891984655763,639416512820.883,True,1243.107865198856,1243.107865198856,776.9424157492851,0.06186227986077269,1.2372455972154537,2031.9185052177522,
191,247.26250216643712,21.894834940312236,0.0602695632060534,0.8999647626043654,0.1169259767525469,0.9753263578113802,1.9400501767831453,0.0002186239010177,2.1336624053927533,0.8723184855971337,0.0485918809546652,7.226840307831056e-07,0.9745404904793394,20260415::linker2-paa-.300nm-5.spm - NanoScope Analysis.txt,20260415,linker2-paa-.300nm-5.spm - NanoScope Analysis.txt,linker2-paa,linker2,linker2,paa,300.0,,247.26250216643712,21.894834940312236,0,0,,0.0,apparent/comparative; DDESP-V2 k80 uses blunt-tip geometry,RTESPA-150,8.0,50.0,20.0,10.0,50.0,80.0,0.3,1.0094891984655763,722684030783.1056,True,1404.990619896218,1404.990619896218,878.1191374351364,0.05514779051090266,1.1029558102180532,2296.5235118738547,
186,220.30943763174488,21.366577786211565,0.0686163040148552,0.9109616726655156,0.1172628711187425,0.9475401488248296,1.708965133029543,0.0583540851299277,1.0510775153396246,0.8848165264033426,0.0651614053770933,6.013307176096582e-07,0.9925678992363696,20260415::linker2-paa-.300nm-8.spm - NanoScope Analysis.txt,20260415,linker2-paa-.300nm-8.spm - NanoScope Analysis.txt,linker2-paa,linker2,linker2,paa,300.0,,220.30943763174488,21.366577786211565,0,0,,0.0,apparent/comparative; DDESP-V2 k80 uses blunt-tip geometry,RTESPA-150,8.0,50.0,20.0,10.0,50.0,80.0,0.3,1.0094891984655763,601330717609.6582,True,1169.0641853280342,1169.0641853280342,730.6651158300215,0.07395283867452229,1.4790567734904456,1910.8906141265195,
119,147.6537929628362,17.549260146581105,0.0318464589757074,0.585995380016927,0.1696801335347249,0.9615000543043508,5.32806908498548,0.0067019103488518,1.502093745895901,0.7628847601363978,0.0424783209948184,3.688890826637114e-06,0.973724014458115,20260415::linker2-paa-.300nm.spm - NanoScope Analysis.txt,20260415,linker2-paa-.300nm.spm - NanoScope Analysis.txt,linker2-paa,linker2,linker2,paa,300.0,,147.6537929628362,17.549260146581105,0,0,,0.0,apparent/comparative; DDESP-V2 k80 uses blunt-tip geometry,RTESPA-150,8.0,50.0,20.0,10.0,50.0,80.0,0.3,1.0094891984655763,3688890826637.114,True,7171.677785145148,7171.677785145148,4482.298615715718,0.04820940250620648,0.9641880501241296,11722.445986426457,
64,80.85769881399193,14.734608369023078,0.0491893604979523,0.6794374108132716,0.2268831087063979,0.9609489679375456,4.612442739844982,0.0121238897824723,1.5605944089243915,0.8137744484584013,0.0690039992954435,2.2106343890402633e-05,0.9396254499168748,20260415::linker2-paa-.300nm.-2spm - NanoScope Analysis.txt,20260415,linker2-paa-.300nm.-2spm - NanoScope Analysis.txt,linker2-paa,linker2,linker2,paa,300.0,,80.85769881399193,14.734608369023078,0,0,,0.0,apparent/comparative; DDESP-V2 k80 uses blunt-tip geometry,RTESPA-150,8.0,50.0,20.0,10.0,50.0,80.0,0.3,1.0094891984655763,22106343890402.633,True,42977.57316231243,42977.57316231243,26860.983226445274,0.078313866901138,1.5662773380227597,70248.8727346947,
44,281.25020188269207,12.586821156722436,0.0131709789408622,0.704010860244908,0.0793989555687487,0.9744802659172436,6.0283260587728735,0.0006754287710415,1.6897129976582677,0.8323771317842561,0.0113557280665845,4.5057691794639827e-07,0.98613866152742,20260415::linker2-paa-1500nm.spm - NanoScope Analysis.txt,20260415,linker2-paa-1500nm.spm - NanoScope Analysis.txt,linker2-paa,linker2,linker2,paa,1500.0,,281.25020188269207,12.586821156722436,0,0,,0.0,apparent/comparative; DDESP-V2 k80 uses blunt-tip geometry,RTESPA-150,8.0,50.0,20.0,10.0,50.0,80.0,0.3,1.0094891984655763,450576917946.39825,True,875.9794270954806,875.9794270954806,547.4871419346755,0.012887817886676303,0.257756357733526,1431.8297373338748,
253,6917.9732950713205,1530.3486525,0.1783836573079165,0.8547683858051178,0.3814900110491463,0.9764523260406652,2.1385928330342407,4.0148685188494175,0.632413149866729,0.9315962672400832,0.1707434540438682,4.974367430988606e-10,0.8550359164036379,20260416::k80-linker1-PFNA-50nm-7000nm-10uN - NanoScope Analysis.txt,20260416,k80-linker1-PFNA-50nm-7000nm-10uN - NanoScope Analysis.txt,k80-linker1-PFNA,k80,linker1,PFNA,7000.0,10uN,6917.9732950713205,1530.3486525,0,0,,0.0,apparent/comparative; DDESP-V2 k80 uses blunt-tip geometry,DDESP-V2,100.0,50.0,20.0,10.0,50.0,80.0,0.3,1.0094891984655763,497436743.09886056,True,0.9670809486246671,0.9670809486246671,0.6044255928904171,0.12514395574438458,2.5028791148876914,1.0208494721818269,blunt_tip_comparative_scope
253,7906.210863512557,1437.0373825,0.0853231654631627,0.9364181027190308,0.3046261374643468,0.8062231797451805,3.5702629621244575,1.1918675871487383,0.7165574898837579,0.9176261864891238,0.0771903012967856,1.0319605601126004e-09,0.8977841896965475,20260416::k80-linker1-PFNA-50nm-8000nm-10uN - NanoScope Analysis.txt,20260416,k80-linker1-PFNA-50nm-8000nm-10uN - NanoScope Analysis.txt,k80-linker1-PFNA,k80,linker1,PFNA,8000.0,10uN,7906.210863512557,1437.0373825,0,0,,0.0,apparent/comparative; DDESP-V2 k80 uses blunt-tip geometry,DDESP-V2,100.0,50.0,20.0,10.0,50.0,80.0,0.3,1.0094891984655763,1031960560.1126004,True,2.00626393458554,2.00626393458554,1.2539149591159626,0.05657551970864302,1.1315103941728604,2.1178097672090193,blunt_tip_comparative_scope
253,8894.508822091235,1567.5932717748915,0.0855870326474118,0.91872449662083,0.2475850734345408,0.7620625664096077,2.892787210587184,0.0164108627716749,1.2049487107797252,0.961759210164996,0.0549318360637348,1.2386925615547056e-09,0.9663221383412008,20260416::k80-linker1-PFNA-50nm-9000nm-10uN - NanoScope Analysis.txt,20260416,k80-linker1-PFNA-50nm-9000nm-10uN - NanoScope Analysis.txt,k80-linker1-PFNA,k80,linker1,PFNA,9000.0,10uN,8894.508822091235,1395.33388,1,0,,172.25939177489147,apparent/comparative; DDESP-V2 k80 uses blunt-tip geometry,DDESP-V2,100.0,50.0,20.0,10.0,50.0,80.0,0.3,1.0094891984655763,1238692561.5547056,True,2.408177510209715,2.408177510209715,1.5051109438810721,0.04026149816292001,0.8052299632584001,2.5420692484056526,stitched_recoverable_slip|blunt_tip_comparative_scope
254,12310.669218558052,1197.1783333333333,0.0634303546125528,0.9988075336098372,0.1254739346053666,0.8957683595852539,1.9781370508140803,0.0205357894972451,1.1391622511995294,0.9941187492862342,0.0598882977224182,1.6405180179771007e-10,0.982046951046029,20260416::k80-linker1-PFNA-50nm-12410nm-10uN - NanoScope Analysis.txt,20260416,k80-linker1-PFNA-50nm-12410nm-10uN - NanoScope Analysis.txt,k80-linker1-PFNA,k80,linker1,PFNA,12410.0,10uN,12310.669218558052,1197.1783333333333,0,0,,0.0,apparent/comparative; DDESP-V2 k80 uses blunt-tip geometry,DDESP-V2,100.0,50.0,20.0,10.0,50.0,80.0,0.3,1.0094891984655763,164051801.79771006,True,0.3189377831596669,0.3189377831596669,0.19933611447479185,0.04389426535705005,0.877885307141001,0.33667033567399046,blunt_tip_comparative_scope
253,9882.803807363633,1174.1446366666669,0.0608658909928801,0.9860009660478016,0.1858844761003075,0.9069085191352804,3.054000739462626,0.0188494268030538,1.1614844249192242,0.9799518433484692,0.0545483773652811,5.285810404501261e-10,0.9777217745579302,20260416::k80-linker1-PFNA-50nm-10000nm-10uN - NanoScope Analysis.txt,20260416,k80-linker1-PFNA-50nm-10000nm-10uN - NanoScope Analysis.txt,k80-linker1-PFNA,k80,linker1,PFNA,10000.0,10uN,9882.803807363633,1174.1446366666669,0,0,,0.0,apparent/comparative; DDESP-V2 k80 uses blunt-tip geometry,DDESP-V2,100.0,50.0,20.0,10.0,50.0,80.0,0.3,1.0094891984655763,528581040.45012605,True,1.0276294646813604,1.0276294646813604,0.6422684154258503,0.03998044763212332,0.7996089526424665,1.0847644120281472,blunt_tip_comparative_scope
250,4882.802075152535,1128.0614243436298,0.1083229256784906,0.9566382575732848,0.4098042340451456,0.9894207666320404,3.7831717660716695,0.0327083868558216,1.1921498210322523,0.9450904744240516,0.0763877115366532,7.4287519249664345e-09,0.9843190349944267,20260416::k80-linker1-PFNA-50nm-5000nm-10uN - NanoScope Analysis.txt,20260416,k80-linker1-PFNA-50nm-5000nm-10uN - NanoScope Analysis.txt,k80-linker1-PFNA,k80,linker1,PFNA,5000.0,10uN,4882.802075152535,1128.0614243436298,0,0,,0.0,apparent/comparative; DDESP-V2 k80 uses blunt-tip geometry,DDESP-V2,100.0,50.0,20.0,10.0,50.0,80.0,0.3,1.0094891984655763,7428751924.9664345,True,14.442448328080326,14.442448328080326,9.026530205050205,0.055987273102145886,1.1197454620429177,15.245430874945523,blunt_tip_comparative_scope
5,,,,,,,,,,,,,,20260416::k80-linker1-PFNA-50nm-6000nm-10uN - NanoScope Analysis.txt,20260416,k80-linker1-PFNA-50nm-6000nm-10uN - NanoScope Analysis.txt,k80-linker1-PFNA,k80,linker1,PFNA,6000.0,10uN,117.1876054685422,35.11329983465225,0,0,,0.0,apparent/comparative; DDESP-V2 k80 uses blunt-tip geometry,DDESP-V2,100.0,50.0,20.0,10.0,50.0,80.0,0.3,1.0094891984655763,,False,,,,,,,missing_k3|low_membrane_r2|too_few_fit_points|blunt_tip_comparative_scope
254,12310.670109108987,1294.8701999999998,0.0628234457443953,0.9945203372612508,0.1637885163259421,0.9162840604342776,2.607124050347941,0.0140598973445384,1.1890787243404763,0.9929627800584496,0.0590685486149561,2.379442235193872e-10,0.9769012096764084,20260416::k80-linker1-SDBS-50nm-12410nm-10uN - NanoScope Analysis.txt,20260416,k80-linker1-SDBS-50nm-12410nm-10uN - NanoScope Analysis.txt,k80-linker1-SDBS,k80,linker1,SDBS,12410.0,10uN,12310.670109108987,1294.8701999999998,0,0,,0.0,apparent/comparative; DDESP-V2 k80 uses blunt-tip geometry,DDESP-V2,100.0,50.0,20.0,10.0,50.0,80.0,0.3,1.0094891984655763,237944223.5193872,True,0.46259414607649213,0.46259414607649213,0.28912134129780764,0.04329344205404144,0.8658688410808287,0.48831381750223074,blunt_tip_comparative_scope
253,8894.513689101273,1042.3509866666668,0.0911230873948731,0.9031312058648054,0.1530887193882255,0.8588840453638469,1.6800212082897308,1.522439837084842,0.6930249021853073,0.9589898439808416,0.1042678932739998,1.2109702162329735e-10,0.9470463073404513,20260416::k80-linker1-SDBS-50nm-9000nm-10uN - NanoScope Analysis.txt,20260416,k80-linker1-SDBS-50nm-9000nm-10uN - NanoScope Analysis.txt,k80-linker1-SDBS,k80,linker1,SDBS,9000.0,10uN,8894.513689101273,1042.3509866666668,0,0,,0.0,apparent/comparative; DDESP-V2 k80 uses blunt-tip geometry,DDESP-V2,100.0,50.0,20.0,10.0,50.0,80.0,0.3,1.0094891984655763,121097021.62329735,True,0.23542817086152737,0.23542817086152737,0.14714260678845464,0.0764216508006753,1.5284330160135058,0.248517690584762,blunt_tip_comparative_scope
253,9921.868823700936,950.1906166666666,0.0960922647119725,0.9295999447886312,0.1614318319450327,0.932928831939524,1.679966982034499,0.0096851244057182,1.2452325358849503,0.978820611226,0.0635107795846203,3.631613919547819e-10,0.9762603168919816,20260416::k80-linker1-SDBS-50nm-10000nm-10uN - NanoScope Analysis.txt,20260416,k80-linker1-SDBS-50nm-10000nm-10uN - NanoScope Analysis.txt,k80-linker1-SDBS,k80,linker1,SDBS,10000.0,10uN,9921.868823700936,950.1906166666666,0,0,,0.0,apparent/comparative; DDESP-V2 k80 uses blunt-tip geometry,DDESP-V2,100.0,50.0,20.0,10.0,50.0,80.0,0.3,1.0094891984655763,363161391.9547819,True,0.7060324117747898,0.7060324117747898,0.4412702573592437,0.046549311270153014,0.9309862254030602,0.7452869544463406,blunt_tip_comparative_scope
253,7906.217861100414,814.25206325,0.1028315434429411,0.9071297490629486,0.0879656372596561,0.8696006337514062,0.8554343765973548,1.6972598390184268,0.6792367538943577,0.979617732510652,0.1230271032620105,-4.03285864920851e-10,0.9492753605978996,20260416::k80-linker1-SDBS-50nm-8000nm-10uN - NanoScope Analysis.txt,20260416,k80-linker1-SDBS-50nm-8000nm-10uN - NanoScope Analysis.txt,k80-linker1-SDBS,k80,linker1,SDBS,8000.0,10uN,7906.217861100414,814.25206325,0,0,,0.0,apparent/comparative; DDESP-V2 k80 uses blunt-tip geometry,DDESP-V2,100.0,50.0,20.0,10.0,50.0,80.0,0.3,1.0094891984655763,-403285864.920851,False,,,,,,,negative_or_zero_k3|blunt_tip_comparative_scope
253,6917.983779770506,599.9753249999999,0.0792154686721964,0.9295535799659924,0.02486885267755,0.4587608932368858,0.313939349149855,0.4826875813899555,0.8025760125823805,0.9715677179503742,0.0997103373668277,-1.8282855482629326e-10,0.9557580428844044,20260416::k80-linker1-SDBS-50nm-7000nm-10uN - NanoScope Analysis.txt,20260416,k80-linker1-SDBS-50nm-7000nm-10uN - NanoScope Analysis.txt,k80-linker1-SDBS,k80,linker1,SDBS,7000.0,10uN,6917.983779770506,599.9753249999999,0,0,,0.0,apparent/comparative; DDESP-V2 k80 uses blunt-tip geometry,DDESP-V2,100.0,50.0,20.0,10.0,50.0,80.0,0.3,1.0094891984655763,-182828554.82629326,False,,,,,,,negative_or_zero_k3|blunt_tip_comparative_scope
147,2296.8291150530804,3104.7602757974305,0.9301705309663368,0.9658442623378908,1.4762927335579592,0.9887346519387497,1.587120516518908,1.7694331681643969,0.94256898423948,0.9277320889183746,1.1336663428660856,4.2531062422166666e-08,0.993709756905859,20260416::k80-linker1-paa-50nm-4000nm-3uN - NanoScope Analysis.txt,20260416,k80-linker1-paa-50nm-4000nm-3uN - NanoScope Analysis.txt,k80-linker1-paa,k80,linker1,paa,4000.0,3uN,2296.8291150530804,3104.7602757974305,0,0,,0.0,apparent/comparative; DDESP-V2 k80 uses blunt-tip geometry,DDESP-V2,100.0,50.0,20.0,10.0,50.0,80.0,0.3,1.0094891984655763,42531062422.166664,True,82.68585054053698,82.68585054053698,51.67865658783562,0.8309044199380051,16.6180883987601,87.2830831806333,blunt_tip_comparative_scope
126,2214.8099868217832,2671.1728612480792,0.9414512484788518,0.9803622816736076,1.4140268250769434,0.988225522651672,1.5019650006961645,0.2445007249810671,1.2017711456673932,0.9948973371597596,0.9489152630692984,5.2653594697557664e-08,0.9954405314784888,20260416::k80-linker1-paa-50nm-4500nm-3uN - NanoScope Analysis.txt,20260416,k80-linker1-paa-50nm-4500nm-3uN - NanoScope Analysis.txt,k80-linker1-paa,k80,linker1,paa,4500.0,3uN,2214.8099868217832,2671.1728612480792,0,0,,0.0,apparent/comparative; DDESP-V2 k80 uses blunt-tip geometry,DDESP-V2,100.0,50.0,20.0,10.0,50.0,80.0,0.3,1.0094891984655763,52653594697.55766,True,102.36535401747135,102.36535401747135,63.9783462609196,0.695493776623526,13.909875532470519,108.05674309586541,blunt_tip_comparative_scope
198,1943.331120627567,2659.264146492658,1.1898738192266964,0.9935513109663098,1.5023805505315988,0.9995209277778808,1.262638547260416,0.1829758162242348,1.273556384215485,0.9986455264992422,1.1546686452294062,6.54239576646367e-08,0.9966700019994174,20260416::k80-linker1-paa-50nm-2500nm-3uN - NanoScope Analysis.txt,20260416,k80-linker1-paa-50nm-2500nm-3uN - NanoScope Analysis.txt,k80-linker1-paa,k80,linker1,paa,2500.0,3uN,1943.331120627567,2659.264146492658,0,0,,0.0,apparent/comparative; DDESP-V2 k80 uses blunt-tip geometry,DDESP-V2,100.0,50.0,20.0,10.0,50.0,80.0,0.3,1.0094891984655763,65423957664.6367,True,127.19258060219848,127.19258060219848,79.49536287637406,0.8462977549985122,16.925955099970245,134.26433325757986,blunt_tip_comparative_scope
253,6917.961521072753,2578.234525,0.0082936052318687,0.0073028913114513,1.0073491073859553,0.9764947878739278,121.46094240356996,1.1819312538405706,0.7005543336877087,0.447856415890097,-0.0597133179608775,8.04985095734161e-09,0.909334229015939,20260416::k80-linker1-paa-50nm-7000nm-10uN - NanoScope Analysis.txt,20260416,k80-linker1-paa-50nm-7000nm-10uN - NanoScope Analysis.txt,k80-linker1-paa,k80,linker1,paa,7000.0,10uN,6917.961521072753,2578.234525,0,0,,0.0,apparent/comparative; DDESP-V2 k80 uses blunt-tip geometry,DDESP-V2,100.0,50.0,20.0,10.0,50.0,80.0,0.3,1.0094891984655763,8049850957.341611,True,15.649944657517885,15.649944657517885,9.78121541094868,-0.04376601646073344,-0.8753203292146687,16.520062530466056,blunt_tip_comparative_scope
167,2283.1854375024054,2542.0622859240593,0.7581314926392746,0.985799150712242,1.3476144372951555,0.9943593132527092,1.7775471014978164,0.2869585013809895,1.1657063900054727,0.9906333067905436,0.83645251035074,5.469324038117701e-08,0.9959000772272982,20260416::k80-linker1-paa-50nm-3500nm-3uN - NanoScope Analysis.txt,20260416,k80-linker1-paa-50nm-3500nm-3uN - NanoScope Analysis.txt,k80-linker1-paa,k80,linker1,paa,3500.0,3uN,2283.1854375024054,2542.0622859240593,0,0,,0.0,apparent/comparative; DDESP-V2 k80 uses blunt-tip geometry,DDESP-V2,100.0,50.0,20.0,10.0,50.0,80.0,0.3,1.0094891984655763,54693240381.17701,True,106.33068731851539,106.33068731851539,66.45667957407213,0.6130658216081203,12.261316432162404,112.24254410161646,blunt_tip_comparative_scope
254,8929.656487542883,2159.3586833333334,0.0835880258668866,0.5547963642388636,0.517416129752403,0.860156992441516,6.1900747671249565,0.0810911197788915,1.0305877379506536,0.8515421896134318,0.0298669974265473,1.9194959141407086e-09,0.8578252504358809,20260416::k80-linker1-paa-50nm-9000nm-10uN - NanoScope Analysis.txt,20260416,k80-linker1-paa-50nm-9000nm-10uN - NanoScope Analysis.txt,k80-linker1-paa,k80,linker1,paa,9000.0,10uN,8929.656487542883,2159.3586833333334,0,0,,0.0,apparent/comparative; DDESP-V2 k80 uses blunt-tip geometry,DDESP-V2,100.0,50.0,20.0,10.0,50.0,80.0,0.3,1.0094891984655763,1919495914.1407087,True,3.7317467100725343,3.7317467100725343,2.3323416937953345,0.021890585645556772,0.4378117129111354,3.939227284656537,blunt_tip_comparative_scope
253,7906.203182471911,2331.3900307359304,0.0972126144898767,0.7341058665238303,0.6801218216498048,0.8669962649670768,6.996230121149861,1.013953122745246,0.7526316946365598,0.7706585645727977,0.0355336925965148,3.0616926620953923e-09,0.8336240798785527,20260416::k80-linker1-paa-50nm-8000nm-10uN - NanoScope Analysis.txt,20260416,k80-linker1-paa-50nm-8000nm-10uN - NanoScope Analysis.txt,k80-linker1-paa,k80,linker1,paa,8000.0,10uN,7906.203182471911,2120.65,1,0,,210.7400307359304,apparent/comparative; DDESP-V2 k80 uses blunt-tip geometry,DDESP-V2,100.0,50.0,20.0,10.0,50.0,80.0,0.3,1.0094891984655763,3061692662.095392,False,,,,,,,low_membrane_r2|stitched_recoverable_slip|blunt_tip_comparative_scope
91,1777.3273985157816,2011.5320953810433,0.997382042123962,0.9944396974616112,1.3093740872512691,0.992783532074462,1.3128109710727385,0.8224693627991542,1.0348307434947035,0.994850443089498,1.017388522222375,2.8323201600420704e-08,0.9961190709824258,20260416::k80-linker1-paa-50nm-5000nm-3uN - NanoScope Analysis.txt,20260416,k80-linker1-paa-50nm-5000nm-3uN - NanoScope Analysis.txt,k80-linker1-paa,k80,linker1,paa,5000.0,3uN,1777.3273985157816,2011.5320953810433,0,0,,0.0,apparent/comparative; DDESP-V2 k80 uses blunt-tip geometry,DDESP-V2,100.0,50.0,20.0,10.0,50.0,80.0,0.3,1.0094891984655763,28323201600.420704,True,55.063943409542006,55.063943409542006,34.41496463096376,0.7456802658281125,14.91360531656225,58.125431636123906,blunt_tip_comparative_scope
253,9882.794549760374,1998.071326666667,0.1302360011593414,0.8073328313892745,0.3761773884883053,0.7856285479140007,2.8884285845667117,0.0316108611378187,1.133715980221464,0.9450555982715536,0.0557067512916407,9.384561770484531e-10,0.8506940947862174,20260416::k80-linker1-paa-50nm-10000nm-10uN - NanoScope Analysis.txt,20260416,k80-linker1-paa-50nm-10000nm-10uN - NanoScope Analysis.txt,k80-linker1-paa,k80,linker1,paa,10000.0,10uN,9882.794549760374,1998.071326666667,0,0,,0.0,apparent/comparative; DDESP-V2 k80 uses blunt-tip geometry,DDESP-V2,100.0,50.0,20.0,10.0,50.0,80.0,0.3,1.0094891984655763,938456177.0484531,True,1.8244793987048271,1.8244793987048271,1.140299624190517,0.040829461119566014,0.8165892223913201,1.9259182324118966,blunt_tip_comparative_scope
254,11906.25366782547,2056.955015151515,0.0689873059619987,0.9687764210997176,0.228609372492932,0.7299247880208314,3.3137889544325776,0.0080236296527652,1.2830700030275413,0.9789772190447376,0.0808513923068923,3.2300883070160355e-10,0.9231514290969834,20260416::k80-linker1-paa-50nm-12000nm-10uN - NanoScope Analysis.txt,20260416,k80-linker1-paa-50nm-12000nm-10uN - NanoScope Analysis.txt,k80-linker1-paa,k80,linker1,paa,12000.0,10uN,11906.25366782547,1899.453533333333,1,0,,157.50148181818162,apparent/comparative; DDESP-V2 k80 uses blunt-tip geometry,DDESP-V2,100.0,50.0,20.0,10.0,50.0,80.0,0.3,1.0094891984655763,323008830.70160353,True,0.6279706731413882,0.6279706731413882,0.3924816707133677,0.05925886364068766,1.185177272813753,0.6628850781661454,stitched_recoverable_slip|blunt_tip_comparative_scope
254,12310.663947729214,1666.2821,0.0647121952030442,0.9982585012552618,0.1729368923098143,0.7904321775389063,2.6724003376364984,0.0201102320959725,1.158315584423159,0.9841453824402312,0.0689404635503335,2.103677035022417e-10,0.9431320854560724,20260416::k80-linker1-paa-50nm-124100nm-10uN - NanoScope Analysis.txt,20260416,k80-linker1-paa-50nm-124100nm-10uN - NanoScope Analysis.txt,k80-linker1-paa,k80,linker1,paa,124100.0,10uN,12310.663947729214,1666.2821,0,0,,0.0,apparent/comparative; DDESP-V2 k80 uses blunt-tip geometry,DDESP-V2,100.0,50.0,20.0,10.0,50.0,80.0,0.3,1.0094891984655763,210367703.5022417,True,0.4089818476125485,0.4089818476125485,0.25561365475784287,0.050528919939289034,1.0105783987857806,0.431720740503655,blunt_tip_comparative_scope
172,2027.3380775446285,1052.1985280845593,0.3562778831849206,0.9813289167028983,0.8153290137419383,0.9913797419912171,2.288463730763647,0.098833498770619,1.1917886605269707,0.9764756619374834,0.2718650011487761,6.169351354511945e-08,0.9950381684754382,20260416::k80-linker1-paa-50nm-3000nm-3uN - NanoScope Analysis.txt,20260416,k80-linker1-paa-50nm-3000nm-3uN - NanoScope Analysis.txt,k80-linker1-paa,k80,linker1,paa,3000.0,3uN,2027.3380775446285,1052.1985280845593,0,0,,0.0,apparent/comparative; DDESP-V2 k80 uses blunt-tip geometry,DDESP-V2,100.0,50.0,20.0,10.0,50.0,80.0,0.3,1.0094891984655763,61693513545.11945,True,119.94011787614477,119.94011787614477,74.9625736725905,0.19925953743133454,3.98519074862669,126.60864243207094,blunt_tip_comparative_scope
151,141.40661951461215,14.75891275059817,0.0089943779684043,0.0124721636296381,0.1623175805516508,0.4354570835485422,18.046559875718387,0.0589283856715814,1.0094041596197718,0.4407305731107246,0.0497156833069671,2.140686947856497e-06,0.7428641229068276,20260416::k80-linker2-paa-50nm-200nm-125.5nN-2 - NanoScope Analysis.txt,20260416,k80-linker2-paa-50nm-200nm-125.5nN-2 - NanoScope Analysis.txt,k80-linker2-paa,k80,linker2,paa,200.0,125.5nN,141.40661951461215,14.75891275059817,0,0,,0.0,apparent/comparative; DDESP-V2 k80 uses blunt-tip geometry,DDESP-V2,100.0,50.0,20.0,10.0,50.0,80.0,0.3,1.0094891984655763,2140686947856.497,False,,,,,,,low_membrane_r2|blunt_tip_comparative_scope
